序号,链接,节点数
0,https://eGjkkR.mcsslk.xyz/2df87858919f766d19c5d592ab53390b,0
1,https://gist.githubusercontent.com/peasoft/40b87245630092f30cc98af61190b4e2/raw/,10
2,https://image.fakeyou.top/d52b4511-b1e5-40f7-9356-5a0672b7f8e1.txt,940
3,https://pUngDr.absslk.xyz/5ebe968a7aedea57e3be5b47a185405b,0
4,https://raw.githubusercontent.com/Huibq/TrojanLinks/master/links/vmess,0
5,https://raw.githubusercontent.com/Surfboardv2ray/TGParse/main/python/hy2,15
6,https://raw.githubusercontent.com/Surfboardv2ray/TGParse/main/python/hysteria2,33
7,https://raw.githubusercontent.com/ripaojiedian/freenode/main/clash,14
8,https://raw.githubusercontent.com/ripaojiedian/freenode/main/sub,14
9,https://raw.githubusercontent.com/zhangkaiitugithub/passcro/main/speednodes.yaml,9

总计,,854
